{"cameraMode":{"drawMode":0,"name":"Shaded","section":"Shading Mode"},"sceneLighting":false,"audioPlay":false,"sceneViewState":{"showFog":true,"showMaterialUpdate":false,"showSkybox":true,"showFlares":true,"showImageEffects":true,"showParticleSystems":true},"in2DMode":false,"pivot":{"x":-0.8999999761581421,"y":-2.5999999046325685,"z":0.0},"rotation":{"x":-0.18122391402721406,"y":0.6813867092132568,"z":-0.18003064393997193,"w":-0.6859002113342285},"size":1.710278868675232,"orthographic":false}