{"cameraMode":{"drawMode":0,"name":"Shaded","section":"Shading Mode"},"sceneLighting":false,"audioPlay":false,"sceneViewState":{"showFog":true,"showMaterialUpdate":false,"showSkybox":true,"showFlares":true,"showImageEffects":true,"showParticleSystems":true},"in2DMode":false,"pivot":{"x":0.05484938621520996,"y":0.8949991464614868,"z":-0.03013134002685547},"rotation":{"x":0.2855728268623352,"y":0.648749828338623,"z":-0.28761041164398196,"w":0.6440902352333069},"size":6.941877365112305,"orthographic":false}