{"cameraMode":{"drawMode":0,"name":"Shaded","section":"Shading Mode"},"sceneLighting":false,"audioPlay":false,"sceneViewState":{"showFog":true,"showMaterialUpdate":false,"showSkybox":true,"showFlares":true,"showImageEffects":true,"showParticleSystems":true},"in2DMode":false,"pivot":{"x":-4.76837158203125e-7,"y":0.8315001726150513,"z":0.039873600006103519},"rotation":{"x":0.2855728268623352,"y":0.648749828338623,"z":-0.28761041164398196,"w":0.6440902352333069},"size":22.228960037231447,"orthographic":false}