{"cameraMode":{"drawMode":0,"name":"Shaded","section":"Shading Mode"},"sceneLighting":false,"audioPlay":false,"sceneViewState":{"showFog":true,"showMaterialUpdate":false,"showSkybox":true,"showFlares":true,"showImageEffects":true,"showParticleSystems":true},"in2DMode":false,"pivot":{"x":3.725654125213623,"y":0.8180544376373291,"z":-2.043226957321167},"rotation":{"x":0.2855728268623352,"y":0.648749828338623,"z":-0.28761041164398196,"w":0.6440902352333069},"size":3.2527658939361574,"orthographic":false}