{"cameraMode":{"drawMode":0,"name":"Shaded","section":"Shading Mode"},"sceneLighting":false,"audioPlay":false,"sceneViewState":{"showFog":true,"showMaterialUpdate":false,"showSkybox":true,"showFlares":true,"showImageEffects":true,"showParticleSystems":true},"in2DMode":false,"pivot":{"x":-0.5891581773757935,"y":0.23045608401298524,"z":-2.7252683639526369},"rotation":{"x":0.2855728268623352,"y":0.648749828338623,"z":-0.28761041164398196,"w":0.6440902352333069},"size":4.439873695373535,"orthographic":false}