{"cameraMode":{"drawMode":0,"name":"Shaded","section":"Shading Mode"},"sceneLighting":true,"audioPlay":false,"sceneViewState":{"showFog":true,"showMaterialUpdate":false,"showSkybox":true,"showFlares":true,"showImageEffects":true,"showParticleSystems":true},"in2DMode":false,"pivot":{"x":-0.8661189675331116,"y":0.38584229350090029,"z":-0.38300833106040957},"rotation":{"x":0.2855728268623352,"y":0.648749828338623,"z":-0.28761041164398196,"w":0.6440902352333069},"size":22.0,"orthographic":false}